code,score
C0001,0.9876697659492493
C0003,0.26021209359169006
C0008,0.5643599629402161
C0009,0.0
C0012,0.7570978403091431
C0017,0.9450364112854004
C0024,0.0
C0027,0.08773452043533325
C0029,0.06126514449715614
C0030,0.15820002555847168
C0037,0.9863340258598328
C0038,0.0
C0042,0.8963212966918945
C0044,0.13889890909194946
C0046,0.9862944483757019
C0047,0.0
C0050,0.0
C0055,0.9900383949279785
C0069,0.276712030172348
C0072,0.13574253022670746
C0074,0.04454514756798744
C0075,0.0
C0076,0.0
C0082,0.0
C0083,0.7013170123100281
C0085,0.9109225869178772
C0091,0.0
C0092,0.0
C0096,0.06989327818155289
