code,slice_index,score,label
C0001,15,0.861541748046875,1
C0001,16,0.9507375359535217,1
C0001,17,0.9738903045654297,1
C0001,18,0.9595136642456055,1
C0001,15,0.861541748046875,0
C0001,16,0.9507375359535217,0
C0001,17,0.9738903045654297,0
C0003,16,0.12151308357715607,1
C0003,17,0.030205773189663887,1
C0003,18,0.004870167933404446,1
C0003,15,0.24699009954929352,0
C0003,16,0.12151308357715607,0
C0003,17,0.030205773189663887,0
C0008,14,0.16376550495624542,0
C0008,15,0.2095639407634735,0
C0008,15,0.2095639407634735,0
C0009,14,8.287816308438778e-05,0
C0009,15,3.208333146176301e-05,0
C0009,16,3.048255712201353e-05,0
C0012,12,0.09565340727567673,1
C0012,13,0.4582783877849579,1
C0012,14,0.6407371163368225,1
C0012,15,0.5985903143882751,1
C0012,16,0.2775675356388092,1
C0012,17,0.32341641187667847,1
C0012,18,0.3415638506412506,1
C0012,14,0.6407371163368225,0
C0012,15,0.5985903143882751,0
C0012,16,0.2775675356388092,0
C0017,12,0.011953607201576233,0
C0017,13,0.03880816325545311,0
C0017,13,0.03880816325545311,0
C0024,14,0.00014660737360827625,0
C0024,15,8.042100671445951e-05,0
C0024,15,8.042100671445951e-05,0
C0027,21,0.019192900508642197,0
C0027,22,0.03953889384865761,0
C0027,23,0.07017669081687927,0
C0029,16,0.00010258649854222313,0
C0029,16,0.00010258649854222313,0
C0029,17,0.00012715459160972387,0
C0030,13,0.01582268252968788,1
C0030,14,0.06355391442775726,1
C0030,15,0.08174684643745422,1
C0030,15,0.08174684643745422,0
C0030,16,0.14488890767097473,0
C0030,16,0.14488890767097473,0
C0037,11,0.9100273251533508,1
C0037,12,0.9640007615089417,1
C0037,13,0.9779649376869202,1
C0038,15,0.0001493548770667985,0
C0038,15,0.0001493548770667985,0
C0038,16,0.0003935438289772719,0
C0042,17,0.5361522436141968,0
C0042,17,0.5361522436141968,0
C0042,18,0.8502492904663086,0
C0044,16,0.0,0
C0044,17,0.0,0
C0044,17,0.0,0
C0046,15,0.9828160405158997,1
C0046,15,0.9828160405158997,1
C0046,16,0.966900110244751,1
C0046,16,0.966900110244751,1
C0046,16,0.966900110244751,1
C0046,16,0.966900110244751,1
C0046,17,0.9800968766212463,1
C0046,17,0.9800968766212463,1
C0046,17,0.9800968766212463,1
C0046,17,0.9800968766212463,1
C0046,18,0.9566053152084351,1
C0046,18,0.9566053152084351,1
C0046,19,0.956934928894043,1
C0046,19,0.956934928894043,1
C0046,20,0.9464948177337646,1
C0046,20,0.9464948177337646,1
C0046,21,0.8987632989883423,1
C0046,21,0.8987632989883423,1
C0046,22,0.7024819850921631,1
C0046,22,0.7024819850921631,1
C0047,17,0.002145002596080303,0
C0047,18,0.0025262730196118355,0
C0047,18,0.0025262730196118355,0
C0050,12,0.0008240896859206259,0
C0050,12,0.0008240896859206259,0
C0050,13,0.00017098076932597905,0
C0055,10,0.8739097118377686,1
C0055,11,0.9360324144363403,1
C0055,12,0.9713431000709534,1
C0069,19,0.12563523650169373,1
C0069,17,0.016788383945822716,0
C0069,18,0.0521029457449913,0
C0069,19,0.12563523650169373,0
C0072,11,0.0034017344005405903,0
C0072,12,0.010496122762560844,0
C0072,12,0.010496122762560844,0
C0074,18,0.006285128649324179,1
C0074,18,0.006285128649324179,0
C0074,19,0.0023585062008351088,0
C0074,19,0.0023585062008351088,0
C0075,13,0.0003189184353686869,0
C0075,14,0.0009796416852623224,0
C0075,14,0.0009796416852623224,0
C0076,14,0.001963562099263072,0
C0076,14,0.001963562099263072,0
C0076,15,0.001941480441018939,0
C0082,14,0.00015105088823474944,0
C0082,15,0.0001536869676783681,0
C0082,15,0.0001536869676783681,0
C0083,20,0.5777750015258789,0
C0083,21,0.3648768663406372,0
C0083,22,0.14140261709690094,0
C0085,18,0.2890546917915344,0
C0085,19,0.5057816505432129,0
C0085,19,0.5057816505432129,0
C0091,16,1.5389859981951304e-05,1
C0091,17,9.945441888703499e-06,1
C0091,18,2.4821698389132507e-05,1
C0091,18,2.4821698389132507e-05,0
C0091,19,1.6791324014775455e-05,0
C0092,19,0.0002885117137338966,0
C0092,20,0.0006645845132879913,0
C0092,20,0.0006645845132879913,0
C0096,20,0.0008516923408024013,1
C0096,18,2.8276010198169388e-05,0
C0096,19,3.753756755031645e-05,0
C0096,20,0.0008516923408024013,0
